Workbook

Sheet ACCUEIL
A1: GESTION COMMANDES & LOGISTIQUE
A5: MENU PRINCIPAL
A7: TABLEAU DE BORD Voir les indicateurs, les statuts et les graphiques. | E7: COMMANDES Consulter et compléter le registre des commandes.
A11: FOURNISSEURS Gérer les coordonnées et le statut des fournisseurs. | E11: ARTICLES & PRIX Consulter le catalogue des articles et les prix.
A15: MOUVEMENTS DE STOCK Tracer les entrées et sorties de stock. | E15: LIVRAISONS Suivre les réceptions et l'état des livraisons.
A19: DÉTAILS COMMANDES Consulter les articles, quantités et montants par commande. | E19: PARAMÈTRES Référentiel des statuts et consignes.

Sheet DASHBOARD
A1: TABLEAU DE BORD — GESTION DES COMMANDES | K1: ← ACCUEIL
A4: COMMANDES ENREGISTRÉES | C4: COMMANDES EN COURS | E4: COMMANDES EN ATTENTE | G4: COMMANDES LIVRÉES | I4: VALEUR DES COMMANDES
A5: =COUNTA(COMMANDES!A5:A500) -> 4 | C5: =COUNTIF(COMMANDES!E5:E500,"En cours") -> 2 | E5: =COUNTIF(COMMANDES!E5:E500,"En attente") -> 1 | G5: =COUNTIF(COMMANDES!E5:E500,"Livrée") -> 1 | I5: =SUM(DETAILS_COMMANDES!E5:E500) -> 1103000
A9: Statut | B9: Nombre | D9: Priorité | E9: Nombre
A10: En attente | B10: =COUNTIF(COMMANDES!E5:E500,A10) -> 1 | D10: Basse | E10: =COUNTIF(COMMANDES!F5:F500,D10) -> 0
A11: En cours | B11: =COUNTIF(COMMANDES!E5:E500,A11) -> 2 | D11: Normale | E11: =COUNTIF(COMMANDES!F5:F500,D11) -> 2
A12: Livrée | B12: =COUNTIF(COMMANDES!E5:E500,A12) -> 1 | D12: Haute | E12: =COUNTIF(COMMANDES!F5:F500,D12) -> 1
A13: Annulée | B13: =COUNTIF(COMMANDES!E5:E500,A13) -> 0 | D13: Urgente | E13: =COUNTIF(COMMANDES!F5:F500,D13) -> 1

Sheet COMMANDES
A1: REGISTRE DES COMMANDES | K1: ← ACCUEIL
A4: N° commande | B4: Date commande | C4: Service demandeur | D4: Code fournisseur | E4: Statut | F4: Priorité | G4: Demandeur | H4: Observations
A5: CMD-2026-001 | B5: 2026-09-22 | C5: Service Informatique | D5: FOU-002 | E5: En cours | F5: Urgente | G5: Hamid Mahamat | H5: Livraison partielle
A6: CMD-2026-002 | B6: 2026-09-24 | C6: Administration | D6: FOU-004 | E6: Livrée | F6: Normale | G6: Hamid Mahamat | H6: Réception complète
A7: CMD-2026-003 | B7: 2026-09-27 | C7: Base Logistique | D7: FOU-001 | E7: En attente | F7: Normale | G7: Hamid Mahamat | H7: En attente de validation
A8: CMD-2026-004 | B8: 2026-09-30 | C8: Service Terrain | D8: FOU-003 | E8: En cours | F8: Haute | G8: Hamid Mahamat | H8: Livraison prévue

Sheet DETAILS_COMMANDES
A1: DÉTAIL DES COMMANDES | K1: ← ACCUEIL
A4: N° commande | B4: Code article | C4: Quantité | D4: Prix unitaire (FCFA) | E4: Montant ligne (FCFA)
A5: CMD-2026-001 | B5: ART-003 | C5: 2 | D5: =IFERROR(VLOOKUP(B5,ARTICLES!$A$5:$H$11,5,FALSE),0) -> 450000 | E5: =C5*D5 -> 900000
A6: CMD-2026-001 | B6: ART-007 | C6: 5 | D6: =IFERROR(VLOOKUP(B6,ARTICLES!$A$5:$H$11,5,FALSE),0) -> 5000 | E6: =C6*D6 -> 25000
A7: CMD-2026-002 | B7: ART-001 | C7: 20 | D7: =IFERROR(VLOOKUP(B7,ARTICLES!$A$5:$H$11,5,FALSE),0) -> 2500 | E7: =C7*D7 -> 50000
A8: CMD-2026-002 | B8: ART-002 | C8: 100 | D8: =IFERROR(VLOOKUP(B8,ARTICLES!$A$5:$H$11,5,FALSE),0) -> 150 | E8: =C8*D8 -> 15000
A9: CMD-2026-003 | B9: ART-006 | C9: 10 | D9: =IFERROR(VLOOKUP(B9,ARTICLES!$A$5:$H$11,5,FALSE),0) -> 6500 | E9: =C9*D9 -> 65000
A10: CMD-2026-004 | B10: ART-005 | C10: 12 | D10: =IFERROR(VLOOKUP(B10,ARTICLES!$A$5:$H$11,5,FALSE),0) -> 4000 | E10: =C10*D10 -> 48000

Sheet FOURNISSEURS
A1: RÉFÉRENTIEL FOURNISSEURS | K1: ← ACCUEIL
A4: Code fournisseur | B4: Nom fournisseur | C4: Contact | D4: Téléphone | E4: E-mail | F4: Ville | G4: Statut
A5: FOU-001 | B5: Sahel Fournitures | C5: Moussa Hassan | D5: +235 66 10 20 30 | E5: contact@sahel-fournitures.td | F5: N'Djamena | G5: Actif
A6: FOU-002 | B6: Techno Services Tchad | C6: Amina Mahamat | D6: +235 99 20 30 40 | E6: ventes@technoservices.td | F6: N'Djamena | G6: Actif
A7: FOU-003 | B7: Logistique du Lac | C7: Idriss Saleh | D7: +235 62 11 22 33 | E7: info@loglac.td | F7: Moundou | G7: Actif
A8: FOU-004 | B8: Bureau Plus | C8: Fatimé Ali | D8: +235 68 44 55 66 | E8: commande@bureauplus.td | F8: N'Djamena | G8: Actif

Sheet ARTICLES
A1: CATALOGUE ARTICLES | K1: ← ACCUEIL
A4: Code article | B4: Désignation | C4: Catégorie | D4: Unité | E4: Prix unitaire (FCFA) | F4: Stock initial | G4: Code fournisseur | H4: Statut
A5: ART-001 | B5: Papier A4 80g | C5: Fournitures bureau | D5: Ramette | E5: 2500 | F5: 120 | G5: FOU-001 | H5: Actif
A6: ART-002 | B6: Stylo bleu | C6: Fournitures bureau | D6: Unité | E6: 150 | F6: 500 | G6: FOU-004 | H6: Actif
A7: ART-003 | B7: Ordinateur portable | C7: Informatique | D7: Unité | E7: 450000 | F7: 8 | G7: FOU-002 | H7: Actif
A8: ART-004 | B8: Toner imprimante | C8: Informatique | D8: Unité | E8: 35000 | F8: 14 | G8: FOU-002 | H8: Actif
A9: ART-005 | B9: Carton d'eau 1,5L | C9: Consommables | D9: Carton | E9: 4000 | F9: 45 | G9: FOU-003 | H9: Actif
A10: ART-006 | B10: Savon liquide 5L | C10: Hygiène | D10: Bidon | E10: 6500 | F10: 30 | G10: FOU-001 | H10: Actif
A11: ART-007 | B11: Clé USB 32 Go | C11: Informatique | D11: Unité | E11: 5000 | F11: 22 | G11: FOU-002 | H11: Actif

Sheet MOUVEMENTS_STOCK
A1: JOURNAL DES MOUVEMENTS DE STOCK | K1: ← ACCUEIL
A4: N° mouvement | B4: Date | C4: Code article | D4: Type mouvement | E4: Quantité | F4: Référence / motif | G4: Enregistré par
A5: MVT-001 | B5: 2026-09-22 | C5: ART-003 | D5: Entrée | E5: 5 | F5: Réception initiale | G5: Hamid Mahamat
A6: MVT-002 | B6: 2026-09-22 | C6: ART-003 | D6: Sortie | E6: 2 | F6: CMD-2026-001 | G6: Hamid Mahamat
A7: MVT-003 | B7: 2026-09-22 | C7: ART-007 | D7: Entrée | E7: 30 | F7: Réception initiale | G7: Hamid Mahamat
A8: MVT-004 | B8: 2026-09-23 | C8: ART-007 | D8: Sortie | E8: 5 | F8: CMD-2026-001 | G8: Hamid Mahamat
A9: MVT-005 | B9: 2026-09-24 | C9: ART-001 | D9: Entrée | E9: 50 | F9: Réception fournisseur | G9: Hamid Mahamat
A10: MVT-006 | B10: 2026-09-24 | C10: ART-002 | D10: Entrée | E10: 150 | F10: Réception fournisseur | G10: Hamid Mahamat

Sheet LIVRAISONS
A1: SUIVI DES LIVRAISONS | K1: ← ACCUEIL
A4: N° livraison | B4: N° commande | C4: Date prévue/réelle | D4: Fournisseur | E4: État livraison | F4: Réception contrôlée (1/0) | G4: Commentaires
A5: LIV-001 | B5: CMD-2026-001 | C5: 2026-09-25 | D5: Techno Services Tchad | E5: Partielle | F5: 1 | G5: Livraison des ordinateurs; clés USB restantes
A6: LIV-002 | B6: CMD-2026-002 | C6: 2026-09-26 | D6: Bureau Plus | E6: Complète | F6: 1 | G6: Réception contrôlée et conforme
A7: LIV-003 | B7: CMD-2026-004 | C7: 2026-10-04 | D7: Logistique du Lac | E7: Prévue | F7: 0 | G7: Date prévisionnelle

Sheet PARAMETRES
A1: PARAMÈTRES DE L'APPLICATION | K1: ← ACCUEIL
A4: Famille | B4: Valeur | C4: Description
A5: Statut commande | B5: En attente | C5: Validation en attente
A6: Statut commande | B6: En cours | C6: Commande en traitement
A7: Statut commande | B7: Livrée | C7: Réception terminée
A8: Statut commande | B8: Annulée | C8: Commande annulée
A9: Priorité | B9: Basse | C9: Traitement standard
A10: Priorité | B10: Normale | C10: Traitement standard
A11: Priorité | B11: Haute | C11: À traiter rapidement
A12: Priorité | B12: Urgente | C12: À traiter en priorité
A13: Mouvement stock | B13: Entrée | C13: Augmente le stock
A14: Mouvement stock | B14: Sortie | C14: Diminue le stock
A15: Livraison | B15: Prévue | C15: Non réceptionnée
... A19: Livraison | B19: Annulée | C19: Livraison annulée
